{"cameraMode":{"drawMode":0,"name":"Shaded","section":"Shading Mode"},"sceneLighting":false,"audioPlay":false,"sceneViewState":{"showFog":true,"showMaterialUpdate":false,"showSkybox":true,"showFlares":true,"showImageEffects":true,"showParticleSystems":true},"in2DMode":false,"pivot":{"x":10.034635543823243,"y":-0.6278426647186279,"z":-2.7547473907470705},"rotation":{"x":0.053549982607364658,"y":0.7385259866714478,"z":-0.059073012322187427,"w":0.6694939732551575},"size":17.33323097229004,"orthographic":false}