{"cameraMode":{"drawMode":0,"name":"Shaded","section":"Shading Mode"},"sceneLighting":false,"audioPlay":false,"sceneViewState":{"showFog":true,"showMaterialUpdate":false,"showSkybox":true,"showFlares":true,"showImageEffects":true,"showParticleSystems":true},"in2DMode":false,"pivot":{"x":-0.7098940014839172,"y":-0.9679147005081177,"z":1.6466251611709595},"rotation":{"x":-0.015768488869071008,"y":-0.9805077910423279,"z":0.0885009765625,"w":-0.17470969259738923},"size":2.764202117919922,"orthographic":false}