{"cameraMode":{"drawMode":0,"name":"Shaded","section":"Shading Mode"},"sceneLighting":false,"audioPlay":false,"sceneViewState":{"showFog":true,"showMaterialUpdate":false,"showSkybox":true,"showFlares":true,"showImageEffects":true,"showParticleSystems":true},"in2DMode":false,"pivot":{"x":0.17775258421897889,"y":0.5455432534217835,"z":1.4013069868087769},"rotation":{"x":-0.2735558748245239,"y":0.23720033466815949,"z":-0.06980593502521515,"w":-0.9295322895050049},"size":0.9642016887664795,"orthographic":false}