{"cameraMode":{"drawMode":0,"name":"Shaded","section":"Shading Mode"},"sceneLighting":false,"audioPlay":false,"sceneViewState":{"showFog":true,"showMaterialUpdate":false,"showSkybox":true,"showFlares":true,"showImageEffects":true,"showParticleSystems":true},"in2DMode":false,"pivot":{"x":-0.7566788196563721,"y":1.5251291990280152,"z":-1.547300100326538},"rotation":{"x":0.004758573602885008,"y":-0.9952415823936462,"z":0.0693957731127739,"w":0.06823326647281647},"size":0.46980032324790957,"orthographic":false}