{"cameraMode":{"drawMode":0,"name":"Shaded","section":"Shading Mode"},"sceneLighting":false,"audioPlay":false,"sceneViewState":{"showFog":true,"showMaterialUpdate":false,"showSkybox":true,"showFlares":true,"showImageEffects":true,"showParticleSystems":true},"in2DMode":false,"pivot":{"x":-2.9708895683288576,"y":-0.9016926288604736,"z":2.1778483390808107},"rotation":{"x":-0.0221530944108963,"y":-0.07256864756345749,"z":0.001612881082110107,"w":-0.9971160888671875},"size":3.457883596420288,"orthographic":false}