{"cameraMode":{"drawMode":0,"name":"Shaded","section":"Shading Mode"},"sceneLighting":false,"audioPlay":false,"sceneViewState":{"showFog":true,"showMaterialUpdate":false,"showSkybox":true,"showFlares":true,"showImageEffects":true,"showParticleSystems":true},"in2DMode":false,"pivot":{"x":-4.324965476989746,"y":2.598724365234375,"z":2.8550562858581545},"rotation":{"x":-0.16274747252464295,"y":0.2765727639198303,"z":0.04758407175540924,"w":0.9459157586097717},"size":4.694302558898926,"orthographic":false}