{"cameraMode":{"drawMode":0,"name":"Shaded","section":"Shading Mode"},"sceneLighting":false,"audioPlay":false,"sceneViewState":{"showFog":true,"showMaterialUpdate":false,"showSkybox":true,"showFlares":true,"showImageEffects":true,"showParticleSystems":true},"in2DMode":false,"pivot":{"x":-5.919391632080078,"y":6.272041320800781,"z":-2.926603317260742},"rotation":{"x":0.19289840757846833,"y":-0.0020050336606800558,"z":0.00039314175955951214,"w":0.9812166690826416},"size":13.360835075378418,"orthographic":false}