{"cameraMode":{"drawMode":0,"name":"Shaded","section":"Shading Mode"},"sceneLighting":false,"audioPlay":false,"sceneViewState":{"showFog":true,"showMaterialUpdate":false,"showSkybox":true,"showFlares":true,"showImageEffects":true,"showParticleSystems":true},"in2DMode":false,"pivot":{"x":-3.9216246604919435,"y":-0.6664732694625855,"z":-0.3111500144004822},"rotation":{"x":-0.0304125864058733,"y":0.7230131030082703,"z":0.031892817467451099,"w":0.689427375793457},"size":1.3992631435394288,"orthographic":false}