{"cameraMode":{"drawMode":0,"name":"Shaded","section":"Shading Mode"},"sceneLighting":false,"audioPlay":false,"sceneViewState":{"showFog":true,"showMaterialUpdate":false,"showSkybox":true,"showFlares":true,"showImageEffects":true,"showParticleSystems":true},"in2DMode":false,"pivot":{"x":2.651453733444214,"y":0.2207680344581604,"z":11.823090553283692},"rotation":{"x":0.18416878581047059,"y":-0.593506932258606,"z":0.14185740053653718,"w":0.7705244421958923},"size":3.415794610977173,"orthographic":false}