{"cameraMode":{"drawMode":0,"name":"Shaded","section":"Shading Mode"},"sceneLighting":false,"audioPlay":false,"sceneViewState":{"showFog":true,"showMaterialUpdate":false,"showSkybox":true,"showFlares":true,"showImageEffects":true,"showParticleSystems":true},"in2DMode":false,"pivot":{"x":-0.5847543478012085,"y":0.34354904294013979,"z":0.12937545776367188},"rotation":{"x":-0.1363307535648346,"y":-0.3263743817806244,"z":0.04763318598270416,"w":-0.9341439008712769},"size":0.5124717950820923,"orthographic":false}