{"cameraMode":{"drawMode":0,"name":"Shaded","section":"Shading Mode"},"sceneLighting":false,"audioPlay":false,"sceneViewState":{"showFog":true,"showMaterialUpdate":false,"showSkybox":true,"showFlares":true,"showImageEffects":true,"showParticleSystems":true},"in2DMode":false,"pivot":{"x":1.2461118698120118,"y":-0.1489095538854599,"z":-0.8268599510192871},"rotation":{"x":0.018969668075442315,"y":0.9634609818458557,"z":-0.07095827907323837,"w":0.25758105516433718},"size":2.7564146518707277,"orthographic":false}