{"cameraMode":{"drawMode":0,"name":"Shaded","section":"Shading Mode"},"sceneLighting":false,"audioPlay":false,"sceneViewState":{"showFog":true,"showMaterialUpdate":false,"showSkybox":true,"showFlares":true,"showImageEffects":true,"showParticleSystems":true},"in2DMode":false,"pivot":{"x":9.13249683380127,"y":-1.147613286972046,"z":4.510339260101318},"rotation":{"x":0.4701310992240906,"y":0.47288554906845095,"z":-0.33362871408462527,"w":0.6663692593574524},"size":2.8560824394226076,"orthographic":false}