{"cameraMode":{"drawMode":0,"name":"Shaded","section":"Shading Mode"},"sceneLighting":false,"audioPlay":false,"sceneViewState":{"showFog":true,"showMaterialUpdate":false,"showSkybox":true,"showFlares":true,"showImageEffects":true,"showParticleSystems":true},"in2DMode":false,"pivot":{"x":-1.9958069324493409,"y":-2.2748448848724367,"z":1.6543378829956055},"rotation":{"x":0.07454551756381989,"y":-0.37141406536102297,"z":0.029931621626019479,"w":0.9249857664108276},"size":10.240309715270996,"orthographic":false}