{"cameraMode":{"drawMode":0,"name":"Shaded","section":"Shading Mode"},"sceneLighting":false,"audioPlay":false,"sceneViewState":{"showFog":true,"showMaterialUpdate":false,"showSkybox":true,"showFlares":true,"showImageEffects":true,"showParticleSystems":true},"in2DMode":false,"pivot":{"x":-1.6008505821228028,"y":-1.2807811498641968,"z":5.722835540771484},"rotation":{"x":0.01659575290977955,"y":-0.9825503826141357,"z":0.1500227004289627,"w":0.10868541896343231},"size":1.9035613536834717,"orthographic":false}