{"cameraMode":{"drawMode":0,"name":"Shaded","section":"Shading Mode"},"sceneLighting":false,"audioPlay":false,"sceneViewState":{"showFog":true,"showMaterialUpdate":false,"showSkybox":true,"showFlares":true,"showImageEffects":true,"showParticleSystems":true},"in2DMode":false,"pivot":{"x":-0.5405203104019165,"y":-0.7118160724639893,"z":2.037810802459717},"rotation":{"x":-0.2006424069404602,"y":-0.04323631897568703,"z":0.008864792063832283,"w":-0.9786698818206787},"size":1.3540328741073609,"orthographic":false}