{"cameraMode":{"drawMode":0,"name":"Shaded","section":"Shading Mode"},"sceneLighting":false,"audioPlay":false,"sceneViewState":{"showFog":true,"showMaterialUpdate":false,"showSkybox":true,"showFlares":true,"showImageEffects":true,"showParticleSystems":true},"in2DMode":false,"pivot":{"x":-1.621511459350586,"y":-0.14938724040985108,"z":2.5034890174865724},"rotation":{"x":0.005040865857154131,"y":0.9876879453659058,"z":-0.15292814373970033,"w":0.03256049007177353},"size":0.9399239420890808,"orthographic":false}