{"cameraMode":{"drawMode":0,"name":"Shaded","section":"Shading Mode"},"sceneLighting":false,"audioPlay":false,"sceneViewState":{"showFog":true,"showMaterialUpdate":false,"showSkybox":true,"showFlares":true,"showImageEffects":true,"showParticleSystems":true},"in2DMode":false,"pivot":{"x":1.9755065441131592,"y":2.3166632652282717,"z":-1.759789228439331},"rotation":{"x":0.04013773053884506,"y":-0.5224962830543518,"z":0.024633588269352914,"w":0.8513400554656982},"size":0.6657626628875732,"orthographic":false}