{"cameraMode":{"drawMode":0,"name":"Shaded","section":"Shading Mode"},"sceneLighting":false,"audioPlay":false,"sceneViewState":{"showFog":true,"showMaterialUpdate":false,"showSkybox":true,"showFlares":true,"showImageEffects":true,"showParticleSystems":true},"in2DMode":false,"pivot":{"x":-3.447793483734131,"y":8.37945556640625,"z":-9.065443992614746},"rotation":{"x":-0.002161649987101555,"y":-0.9576913714408875,"z":0.007198629435151815,"w":-0.28769925236701968},"size":9.539410591125489,"orthographic":false}