{"cameraMode":{"drawMode":0,"name":"Shaded","section":"Shading Mode"},"sceneLighting":false,"audioPlay":false,"sceneViewState":{"showFog":true,"showMaterialUpdate":false,"showSkybox":true,"showFlares":true,"showImageEffects":true,"showParticleSystems":true},"in2DMode":false,"pivot":{"x":-4.688564300537109,"y":-1.2112518548965455,"z":0.29790785908699038},"rotation":{"x":0.13073329627513886,"y":-0.06768535822629929,"z":0.008945791982114315,"w":0.9890639781951904},"size":2.5246541500091554,"orthographic":false}