{"cameraMode":{"drawMode":0,"name":"Shaded","section":"Shading Mode"},"sceneLighting":false,"audioPlay":false,"sceneViewState":{"showFog":true,"showMaterialUpdate":false,"showSkybox":true,"showFlares":true,"showImageEffects":true,"showParticleSystems":true},"in2DMode":false,"pivot":{"x":7.383556365966797,"y":0.014417901635169983,"z":11.037158966064454},"rotation":{"x":-0.024861596524715425,"y":0.9675179123878479,"z":-0.2284948080778122,"w":-0.10526726394891739},"size":2.2057909965515138,"orthographic":false}