{"cameraMode":{"drawMode":0,"name":"Shaded","section":"Shading Mode"},"sceneLighting":false,"audioPlay":false,"sceneViewState":{"showFog":true,"showMaterialUpdate":false,"showSkybox":true,"showFlares":true,"showImageEffects":true,"showParticleSystems":true},"in2DMode":false,"pivot":{"x":-3.2344605922698976,"y":-0.8110896944999695,"z":-0.34876739978790285},"rotation":{"x":-0.013749783858656884,"y":0.7287243008613586,"z":0.0146365100517869,"w":0.6845126748085022},"size":1.9834613800048829,"orthographic":false}