{"cameraMode":{"drawMode":0,"name":"Shaded","section":"Shading Mode"},"sceneLighting":false,"audioPlay":false,"sceneViewState":{"showFog":true,"showMaterialUpdate":false,"showSkybox":true,"showFlares":true,"showImageEffects":true,"showParticleSystems":true},"in2DMode":false,"pivot":{"x":-2.3247556686401369,"y":-0.6536171436309815,"z":3.3299999237060549},"rotation":{"x":0.026679199188947679,"y":0.3521444797515869,"z":-0.010042522102594376,"w":0.9355114102363586},"size":3.8702521324157717,"orthographic":false}