{"cameraMode":{"drawMode":0,"name":"Shaded","section":"Shading Mode"},"sceneLighting":false,"audioPlay":false,"sceneViewState":{"showFog":true,"showMaterialUpdate":false,"showSkybox":true,"showFlares":true,"showImageEffects":true,"showParticleSystems":true},"in2DMode":false,"pivot":{"x":-4.766207695007324,"y":5.708423137664795,"z":-4.768434524536133},"rotation":{"x":0.19289840757846833,"y":-0.0020050336606800558,"z":0.00039314175955951214,"w":0.9812166690826416},"size":13.381339073181153,"orthographic":false}