{"cameraMode":{"drawMode":0,"name":"Shaded","section":"Shading Mode"},"sceneLighting":false,"audioPlay":false,"sceneViewState":{"showFog":true,"showMaterialUpdate":false,"showSkybox":true,"showFlares":true,"showImageEffects":true,"showParticleSystems":true},"in2DMode":false,"pivot":{"x":0.9922349452972412,"y":1.535462498664856,"z":9.62218952178955},"rotation":{"x":-0.06895469129085541,"y":-0.014429029077291489,"z":0.0009982787305489183,"w":-0.9975149631500244},"size":14.261507034301758,"orthographic":false}