{"cameraMode":{"drawMode":0,"name":"Shaded","section":"Shading Mode"},"sceneLighting":false,"audioPlay":false,"sceneViewState":{"showFog":true,"showMaterialUpdate":false,"showSkybox":true,"showFlares":true,"showImageEffects":true,"showParticleSystems":true},"in2DMode":false,"pivot":{"x":5.230062484741211,"y":0.6180838346481323,"z":8.554242134094239},"rotation":{"x":-0.013432828709483147,"y":-0.9848517775535584,"z":0.14795441925525666,"w":-0.08942060172557831},"size":0.7740882039070129,"orthographic":false}