{"cameraMode":{"drawMode":0,"name":"Shaded","section":"Shading Mode"},"sceneLighting":false,"audioPlay":false,"sceneViewState":{"showFog":true,"showMaterialUpdate":false,"showSkybox":true,"showFlares":true,"showImageEffects":true,"showParticleSystems":true},"in2DMode":false,"pivot":{"x":0.010889211669564247,"y":-0.7301369309425354,"z":0.39089927077293398},"rotation":{"x":-0.09595870226621628,"y":0.1495692878961563,"z":-0.014585485681891442,"w":-0.9839757084846497},"size":0.495109498500824,"orthographic":false}