{"cameraMode":{"drawMode":0,"name":"Shaded","section":"Shading Mode"},"sceneLighting":false,"audioPlay":false,"sceneViewState":{"showFog":true,"showMaterialUpdate":false,"showSkybox":true,"showFlares":true,"showImageEffects":true,"showParticleSystems":true},"in2DMode":false,"pivot":{"x":-0.05657391622662544,"y":-0.009893439710140229,"z":-2.1381282806396486},"rotation":{"x":0.09455155581235886,"y":0.8319804072380066,"z":-0.1496054083108902,"w":0.5258201360702515},"size":3.7369940280914308,"orthographic":false}