{"cameraMode":{"drawMode":0,"name":"Shaded","section":"Shading Mode"},"sceneLighting":false,"audioPlay":false,"sceneViewState":{"showFog":true,"showMaterialUpdate":false,"showSkybox":true,"showFlares":true,"showImageEffects":true,"showParticleSystems":true},"in2DMode":false,"pivot":{"x":5.0,"y":5.674999713897705,"z":-6.500000476837158},"rotation":{"x":0.03459261730313301,"y":-0.1700204312801361,"z":0.005971892736852169,"w":0.9848150610923767},"size":2.4487357139587404,"orthographic":false}