{"cameraMode":{"drawMode":0,"name":"Shaded","section":"Shading Mode"},"sceneLighting":false,"audioPlay":false,"sceneViewState":{"showFog":true,"showMaterialUpdate":false,"showSkybox":true,"showFlares":true,"showImageEffects":true,"showParticleSystems":true},"in2DMode":false,"pivot":{"x":-0.45656856894493105,"y":0.4895692467689514,"z":-0.00008020550012588501},"rotation":{"x":0.0003136545419692993,"y":-0.997552752494812,"z":-0.004472350236028433,"w":-0.0697747990489006},"size":0.23452037572860719,"orthographic":false}