{"cameraMode":{"drawMode":0,"name":"Shaded","section":"Shading Mode"},"sceneLighting":false,"audioPlay":false,"sceneViewState":{"showFog":true,"showMaterialUpdate":false,"showSkybox":true,"showFlares":true,"showImageEffects":true,"showParticleSystems":true},"in2DMode":false,"pivot":{"x":-434.7618103027344,"y":70.36618041992188,"z":102.76698303222656},"rotation":{"x":0.006157344672828913,"y":0.7661734819412231,"z":0.0073431855998933319,"w":-0.6425623893737793},"size":21.1973934173584,"orthographic":false}