{"cameraMode":{"drawMode":0,"name":"Shaded","section":"Shading Mode"},"sceneLighting":false,"audioPlay":false,"sceneViewState":{"showFog":true,"showMaterialUpdate":false,"showSkybox":true,"showFlares":true,"showImageEffects":true,"showParticleSystems":true},"in2DMode":false,"pivot":{"x":-1.3776113986968995,"y":0.7594640254974365,"z":1.7592427730560303},"rotation":{"x":-0.14391012489795686,"y":0.6662291884422302,"z":-0.13325604796409608,"w":-0.7194939255714417},"size":3.212547540664673,"orthographic":false}