{"cameraMode":{"drawMode":0,"name":"Shaded","section":"Shading Mode"},"sceneLighting":false,"audioPlay":false,"sceneViewState":{"showFog":true,"showMaterialUpdate":false,"showSkybox":true,"showFlares":true,"showImageEffects":true,"showParticleSystems":true},"in2DMode":false,"pivot":{"x":-604.6787109375,"y":-95.68290710449219,"z":-3.055683135986328},"rotation":{"x":-0.07920832186937332,"y":0.6808087229728699,"z":-0.07444539666175842,"w":-0.7243503332138062},"size":408.6609802246094,"orthographic":false}