{"cameraMode":{"drawMode":0,"name":"Shaded","section":"Shading Mode"},"sceneLighting":false,"audioPlay":false,"sceneViewState":{"showFog":true,"showMaterialUpdate":false,"showSkybox":true,"showFlares":true,"showImageEffects":true,"showParticleSystems":true},"in2DMode":false,"pivot":{"x":-1.9947683811187745,"y":-3.68483304977417,"z":14.279394149780274},"rotation":{"x":0.26103949546813967,"y":0.05936272442340851,"z":-0.016085779294371606,"w":0.9633669257164002},"size":13.358380317687989,"orthographic":false}