{"cameraMode":{"drawMode":0,"name":"Shaded","section":"Shading Mode"},"sceneLighting":false,"audioPlay":false,"sceneViewState":{"showFog":true,"showMaterialUpdate":false,"showSkybox":true,"showFlares":true,"showImageEffects":true,"showParticleSystems":true},"in2DMode":false,"pivot":{"x":1.7852234840393067,"y":0.5527336597442627,"z":-0.7150478959083557},"rotation":{"x":-0.27121686935424807,"y":0.5404878854751587,"z":-0.18949732184410096,"w":-0.7735664248466492},"size":2.167311668395996,"orthographic":false}