{"cameraMode":{"drawMode":0,"name":"Shaded","section":"Shading Mode"},"sceneLighting":false,"audioPlay":false,"sceneViewState":{"showFog":true,"showMaterialUpdate":false,"showSkybox":true,"showFlares":true,"showImageEffects":true,"showParticleSystems":true},"in2DMode":false,"pivot":{"x":-2.734483480453491,"y":1.5699999332427979,"z":-1.381873369216919},"rotation":{"x":-0.010601794347167015,"y":0.9578810334205627,"z":-0.03566194325685501,"w":-0.2847451865673065},"size":6.110014915466309,"orthographic":false}