{"cameraMode":{"drawMode":0,"name":"Shaded","section":"Shading Mode"},"sceneLighting":false,"audioPlay":false,"sceneViewState":{"showFog":true,"showMaterialUpdate":false,"showSkybox":true,"showFlares":true,"showImageEffects":true,"showParticleSystems":true},"in2DMode":false,"pivot":{"x":0.4582422971725464,"y":1.684420108795166,"z":7.156539440155029},"rotation":{"x":-0.025394530966877939,"y":0.788800835609436,"z":0.032662224024534228,"w":0.613254964351654},"size":1.5557427406311036,"orthographic":false}