{"cameraMode":{"drawMode":0,"name":"Shaded","section":"Shading Mode"},"sceneLighting":false,"audioPlay":false,"sceneViewState":{"showFog":true,"showMaterialUpdate":false,"showSkybox":true,"showFlares":true,"showImageEffects":true,"showParticleSystems":true},"in2DMode":false,"pivot":{"x":-2.1204636096954347,"y":0.7704888582229614,"z":6.14894962310791},"rotation":{"x":0.0007403136696666479,"y":0.999252438545227,"z":-0.02910119667649269,"w":0.02544093318283558},"size":2.006239891052246,"orthographic":false}