{"cameraMode":{"drawMode":0,"name":"Shaded","section":"Shading Mode"},"sceneLighting":false,"audioPlay":false,"sceneViewState":{"showFog":true,"showMaterialUpdate":false,"showSkybox":true,"showFlares":true,"showImageEffects":true,"showParticleSystems":true},"in2DMode":false,"pivot":{"x":-1.1909618377685547,"y":0.18999981880187989,"z":3.084157705307007},"rotation":{"x":0.01964925043284893,"y":0.7437675595283508,"z":-0.02188621647655964,"w":0.667790949344635},"size":10.8150053024292,"orthographic":false}